{
    "name": "MAX30102lib",
    "keywords": "pulse,oximetry,spo2,max30102,sensor,i2c",
    "description": "Maxim-IC MAX30102 heart-rate sensor driver and pulse-oximetry components",
    "authors":
    {
        "name": "Shivam Gupta",
        "email": "gupta.shivam1996@gmail.com",
        "url": "https://github.com/thewiseguyshivam",
	"maintainer": true
    },
    "repository":
    {
        "type": "git",
        "url": "https://github.com/thewiseguyshivam/Arduino-MAX30102"
    },
    "version": "1.0",
    "frameworks": "arduino",
    "platforms": "atmelavr"
}
